model,source,percentile,threshold,precision,recall,f1,fp,tp
VAE (dense),models/vae_grid_runs/20260430_074356_wrapup_layers_windows_noscale_beta1/runs/windows/win120_s42/20260430_081342,90.0,125.87989959716796,0.06590198123044838,1.0,0.12365486206221873,13437,948
VAE (dense),models/vae_grid_runs/20260430_074356_wrapup_layers_windows_noscale_beta1/runs/windows/win120_s42/20260430_081342,90.10102040816327,126.09106914411275,0.0664983164983165,1.0,0.12470402525651143,13308,948
VAE (dense),models/vae_grid_runs/20260430_074356_wrapup_layers_windows_noscale_beta1/runs/windows/win120_s42/20260430_081342,90.20204081632653,126.25999351283482,0.06699173203307186,1.0,0.12557122988277367,13203,948
VAE (dense),models/vae_grid_runs/20260430_074356_wrapup_layers_windows_noscale_beta1/runs/windows/win120_s42/20260430_081342,90.3030612244898,126.46871675919516,0.06756949394155382,1.0,0.12658565896648416,13082,948
VAE (dense),models/vae_grid_runs/20260430_074356_wrapup_layers_windows_noscale_beta1/runs/windows/win120_s42/20260430_081342,90.40408163265306,126.72434704963528,0.06832432432432432,1.0,0.12790933009512245,12927,948
VAE (dense),models/vae_grid_runs/20260430_074356_wrapup_layers_windows_noscale_beta1/runs/windows/win120_s42/20260430_081342,90.50510204081633,126.94484668186732,0.06914156516665451,1.0,0.12934033699433795,12763,948
VAE (dense),models/vae_grid_runs/20260430_074356_wrapup_layers_windows_noscale_beta1/runs/windows/win120_s42/20260430_081342,90.60612244897959,127.1906463716468,0.06996826334046793,1.0,0.13078567979581984,12601,948
VAE (dense),models/vae_grid_runs/20260430_074356_wrapup_layers_windows_noscale_beta1/runs/windows/win120_s42/20260430_081342,90.70714285714286,127.40604253714424,0.07063030844881538,1.0,0.13194154488517745,12474,948
VAE (dense),models/vae_grid_runs/20260430_074356_wrapup_layers_windows_noscale_beta1/runs/windows/win120_s42/20260430_081342,90.80816326530612,127.67293896608936,0.07156877547939,1.0,0.13357756798647313,12298,948
VAE (dense),models/vae_grid_runs/20260430_074356_wrapup_layers_windows_noscale_beta1/runs/windows/win120_s42/20260430_081342,90.90918367346939,127.878216764489,0.07230018303843808,1.0,0.13485064011379802,12164,948
VAE (dense),models/vae_grid_runs/20260430_074356_wrapup_layers_windows_noscale_beta1/runs/windows/win120_s42/20260430_081342,91.01020408163265,128.0975621375259,0.07303543913713405,1.0,0.13612866168868468,12032,948
VAE (dense),models/vae_grid_runs/20260430_074356_wrapup_layers_windows_noscale_beta1/runs/windows/win120_s42/20260430_081342,91.11122448979592,128.3901776303661,0.0739873565909623,1.0,0.13778068454327447,11865,948
VAE (dense),models/vae_grid_runs/20260430_074356_wrapup_layers_windows_noscale_beta1/runs/windows/win120_s42/20260430_081342,91.21224489795918,128.63389025131536,0.0749762733312243,1.0,0.13949381989405532,11696,948
VAE (dense),models/vae_grid_runs/20260430_074356_wrapup_layers_windows_noscale_beta1/runs/windows/win120_s42/20260430_081342,91.31326530612245,128.9179664674097,0.07590072057646118,1.0,0.14109242446792677,11542,948
VAE (dense),models/vae_grid_runs/20260430_074356_wrapup_layers_windows_noscale_beta1/runs/windows/win120_s42/20260430_081342,91.41428571428571,129.1446862880162,0.07663702506063055,1.0,0.1423637182760174,11422,948
VAE (dense),models/vae_grid_runs/20260430_074356_wrapup_layers_windows_noscale_beta1/runs/windows/win120_s42/20260430_081342,91.51530612244898,129.38680355772684,0.07746363784932178,1.0,0.14378886698013044,11290,948
VAE (dense),models/vae_grid_runs/20260430_074356_wrapup_layers_windows_noscale_beta1/runs/windows/win120_s42/20260430_081342,91.61632653061224,129.70957268415185,0.07874408173436331,1.0,0.145992145992146,11091,948
VAE (dense),models/vae_grid_runs/20260430_074356_wrapup_layers_windows_noscale_beta1/runs/windows/win120_s42/20260430_081342,91.7173469387755,130.0179733917859,0.07994602799797605,1.0,0.14805559893799783,10910,948
VAE (dense),models/vae_grid_runs/20260430_074356_wrapup_layers_windows_noscale_beta1/runs/windows/win120_s42/20260430_081342,91.81836734693877,130.30276454131456,0.08119218910585817,1.0,0.15019011406844104,10728,948
VAE (dense),models/vae_grid_runs/20260430_074356_wrapup_layers_windows_noscale_beta1/runs/windows/win120_s42/20260430_081342,91.91938775510204,130.6662136423539,0.08288162266130443,1.0,0.1530760536089133,10490,948
VAE (dense),models/vae_grid_runs/20260430_074356_wrapup_layers_windows_noscale_beta1/runs/windows/win120_s42/20260430_081342,92.0204081632653,130.9061007628149,0.08393094289508632,1.0,0.1548640039206077,10347,948
VAE (dense),models/vae_grid_runs/20260430_074356_wrapup_layers_windows_noscale_beta1/runs/windows/win120_s42/20260430_081342,92.12142857142857,131.25517443847656,0.08553640710998828,1.0,0.15759288504696203,10135,948
VAE (dense),models/vae_grid_runs/20260430_074356_wrapup_layers_windows_noscale_beta1/runs/windows/win120_s42/20260430_081342,92.22244897959183,131.52787375313892,0.08689275893675527,1.0,0.1598920559959521,9962,948
VAE (dense),models/vae_grid_runs/20260430_074356_wrapup_layers_windows_noscale_beta1/runs/windows/win120_s42/20260430_081342,92.3234693877551,131.74064078132466,0.08786727222170729,1.0,0.16154042770725055,9841,948
VAE (dense),models/vae_grid_runs/20260430_074356_wrapup_layers_windows_noscale_beta1/runs/windows/win120_s42/20260430_081342,92.42448979591836,132.15333949996014,0.089900426742532,1.0,0.16496998172800834,9597,948
VAE (dense),models/vae_grid_runs/20260430_074356_wrapup_layers_windows_noscale_beta1/runs/windows/win120_s42/20260430_081342,92.52551020408163,132.40810353804608,0.09113631993847338,1.0,0.16704845814977975,9454,948
VAE (dense),models/vae_grid_runs/20260430_074356_wrapup_layers_windows_noscale_beta1/runs/windows/win120_s42/20260430_081342,92.6265306122449,132.78420420619423,0.09316037735849056,1.0,0.1704422869471413,9228,948
VAE (dense),models/vae_grid_runs/20260430_074356_wrapup_layers_windows_noscale_beta1/runs/windows/win120_s42/20260430_081342,92.72755102040817,133.09936553020867,0.09516161413370809,1.0,0.17378551787351054,9014,948
VAE (dense),models/vae_grid_runs/20260430_074356_wrapup_layers_windows_noscale_beta1/runs/windows/win120_s42/20260430_081342,92.82857142857144,133.42929809570313,0.0977319587628866,1.0,0.17806160781367392,8752,948
VAE (dense),models/vae_grid_runs/20260430_074356_wrapup_layers_windows_noscale_beta1/runs/windows/win120_s42/20260430_081342,92.9295918367347,133.68107188882635,0.1008617938078519,1.0,0.183241519280951,8451,948
VAE (dense),models/vae_grid_runs/20260430_074356_wrapup_layers_windows_noscale_beta1/runs/windows/win120_s42/20260430_081342,93.03061224489797,133.97252788932957,0.10431338028169014,1.0,0.18891988840175367,8140,948
VAE (dense),models/vae_grid_runs/20260430_074356_wrapup_layers_windows_noscale_beta1/runs/windows/win120_s42/20260430_081342,93.13163265306123,134.33411867538766,0.10941828254847645,1.0,0.1972534332084894,7716,948
VAE (dense),models/vae_grid_runs/20260430_074356_wrapup_layers_windows_noscale_beta1/runs/windows/win120_s42/20260430_081342,93.2326530612245,134.6360733268894,0.11335645103431782,1.0,0.20363011491783908,7415,948
VAE (dense),models/vae_grid_runs/20260430_074356_wrapup_layers_windows_noscale_beta1/runs/windows/win120_s42/20260430_081342,93.33367346938776,135.03246672213805,0.11813084112149533,1.0,0.211300568371782,7077,948
VAE (dense),models/vae_grid_runs/20260430_074356_wrapup_layers_windows_noscale_beta1/runs/windows/win120_s42/20260430_081342,93.43469387755103,135.40593027916734,0.121960632960247,1.0,0.217406260749914,6825,948
VAE (dense),models/vae_grid_runs/20260430_074356_wrapup_layers_windows_noscale_beta1/runs/windows/win120_s42/20260430_081342,93.53571428571429,135.80806302751813,0.12556291390728477,1.0,0.22311132031066136,6602,948
VAE (dense),models/vae_grid_runs/20260430_074356_wrapup_layers_windows_noscale_beta1/runs/windows/win120_s42/20260430_081342,93.63673469387756,136.1268479950574,0.12854237288135592,1.0,0.22780247506908563,6427,948
VAE (dense),models/vae_grid_runs/20260430_074356_wrapup_layers_windows_noscale_beta1/runs/windows/win120_s42/20260430_081342,93.73775510204082,136.56934334517499,0.13286615276804484,1.0,0.23456637387108745,6187,948
VAE (dense),models/vae_grid_runs/20260430_074356_wrapup_layers_windows_noscale_beta1/runs/windows/win120_s42/20260430_081342,93.83877551020409,137.02969650953645,0.1379511059371362,1.0,0.24245524296675192,5924,948
VAE (dense),models/vae_grid_runs/20260430_074356_wrapup_layers_windows_noscale_beta1/runs/windows/win120_s42/20260430_081342,93.93979591836735,137.5015720937301,0.143397368022992,1.0,0.25082682894562774,5663,948
VAE (dense),models/vae_grid_runs/20260430_074356_wrapup_layers_windows_noscale_beta1/runs/windows/win120_s42/20260430_081342,94.04081632653062,138.08798950195316,0.15047619047619049,1.0,0.26158940397350994,5352,948
VAE (dense),models/vae_grid_runs/20260430_074356_wrapup_layers_windows_noscale_beta1/runs/windows/win120_s42/20260430_081342,94.14183673469388,138.50106139825314,0.15528255528255527,1.0,0.26882177796682266,5157,948
VAE (dense),models/vae_grid_runs/20260430_074356_wrapup_layers_windows_noscale_beta1/runs/windows/win120_s42/20260430_081342,94.24285714285715,138.98715472412115,0.1619682214249103,1.0,0.2787825319805911,4905,948
VAE (dense),models/vae_grid_runs/20260430_074356_wrapup_layers_windows_noscale_beta1/runs/windows/win120_s42/20260430_081342,94.34387755102041,139.52218049528162,0.1685033771773907,1.0,0.28840888348037724,4678,948
VAE (dense),models/vae_grid_runs/20260430_074356_wrapup_layers_windows_noscale_beta1/runs/windows/win120_s42/20260430_081342,94.44489795918368,140.11702496960703,0.17729567982046007,1.0,0.3011914217633042,4399,948
VAE (dense),models/vae_grid_runs/20260430_074356_wrapup_layers_windows_noscale_beta1/runs/windows/win120_s42/20260430_081342,94.54591836734694,140.6355769472706,0.1843282131051915,1.0,0.31127893613528157,4195,948
VAE (dense),models/vae_grid_runs/20260430_074356_wrapup_layers_windows_noscale_beta1/runs/windows/win120_s42/20260430_081342,94.64693877551021,141.06768410569794,0.19132189707366296,1.0,0.32119261392512277,4007,948
VAE (dense),models/vae_grid_runs/20260430_074356_wrapup_layers_windows_noscale_beta1/runs/windows/win120_s42/20260430_081342,94.74795918367347,141.68747184535434,0.20072064434082237,0.9989451476793249,0.33427462054359336,3771,947
VAE (dense),models/vae_grid_runs/20260430_074356_wrapup_layers_windows_noscale_beta1/runs/windows/win120_s42/20260430_081342,94.84897959183674,142.12630748266102,0.2070397901180586,0.9989451476793249,0.34299166968489675,3627,947
VAE (dense),models/vae_grid_runs/20260430_074356_wrapup_layers_windows_noscale_beta1/runs/windows/win120_s42/20260430_081342,94.95,142.6438572692871,0.21464188576609247,0.9989451476793249,0.3533582089552239,3465,947
VAE (dense),models/vae_grid_runs/20260430_074356_wrapup_layers_windows_noscale_beta1/runs/windows/win120_s42/20260430_081342,95.05102040816327,143.33599788120816,0.22623029144768275,0.9989451476793249,0.3689131281651734,3239,947
VAE (dense),models/vae_grid_runs/20260430_074356_wrapup_layers_windows_noscale_beta1/runs/windows/win120_s42/20260430_081342,95.15204081632653,143.93822760009766,0.23734335839598997,0.9989451476793249,0.38355609558525716,3043,947
VAE (dense),models/vae_grid_runs/20260430_074356_wrapup_layers_windows_noscale_beta1/runs/windows/win120_s42/20260430_081342,95.2530612244898,144.58359084522482,0.24810060256746136,0.9989451476793249,0.3974816369359916,2870,947
VAE (dense),models/vae_grid_runs/20260430_074356_wrapup_layers_windows_noscale_beta1/runs/windows/win120_s42/20260430_081342,95.35408163265306,145.28614328376617,0.26189159292035397,0.9989451476793249,0.41498685363716037,2669,947
VAE (dense),models/vae_grid_runs/20260430_074356_wrapup_layers_windows_noscale_beta1/runs/windows/win120_s42/20260430_081342,95.45510204081633,145.8102974305445,0.2709049255441008,0.9978902953586498,0.4261261261261261,2546,946
VAE (dense),models/vae_grid_runs/20260430_074356_wrapup_layers_windows_noscale_beta1/runs/windows/win120_s42/20260430_081342,95.5561224489796,146.4930170456244,0.2833183587900569,0.9978902953586498,0.44133426638675066,2393,946
VAE (dense),models/vae_grid_runs/20260430_074356_wrapup_layers_windows_noscale_beta1/runs/windows/win120_s42/20260430_081342,95.65714285714286,147.13831753976007,0.29333333333333333,0.9978902953586498,0.4533908459142104,2279,946
VAE (dense),models/vae_grid_runs/20260430_074356_wrapup_layers_windows_noscale_beta1/runs/windows/win120_s42/20260430_081342,95.75816326530612,147.87644061154754,0.30674448767833984,0.9978902953586498,0.4692460317460318,2138,946
VAE (dense),models/vae_grid_runs/20260430_074356_wrapup_layers_windows_noscale_beta1/runs/windows/win120_s42/20260430_081342,95.85918367346939,148.44821653529576,0.3180901143241426,0.9978902953586498,0.482406935237124,2028,946
VAE (dense),models/vae_grid_runs/20260430_074356_wrapup_layers_windows_noscale_beta1/runs/windows/win120_s42/20260430_081342,95.96020408163265,149.30830591567675,0.3343937787203959,0.9978902953586498,0.5009266613714588,1883,946
VAE (dense),models/vae_grid_runs/20260430_074356_wrapup_layers_windows_noscale_beta1/runs/windows/win120_s42/20260430_081342,96.06122448979592,150.1140570691167,0.3510204081632653,0.9978902953586498,0.5193521822673621,1749,946
VAE (dense),models/vae_grid_runs/20260430_074356_wrapup_layers_windows_noscale_beta1/runs/windows/win120_s42/20260430_081342,96.16224489795918,150.97334943872565,0.367561260210035,0.9968354430379747,0.537084398976982,1626,945
VAE (dense),models/vae_grid_runs/20260430_074356_wrapup_layers_windows_noscale_beta1/runs/windows/win120_s42/20260430_081342,96.26326530612245,152.13865610052613,0.3906572964034725,0.9968354430379747,0.5613305613305614,1474,945
VAE (dense),models/vae_grid_runs/20260430_074356_wrapup_layers_windows_noscale_beta1/runs/windows/win120_s42/20260430_081342,96.36428571428571,153.15906072126117,0.4120471409864688,0.9957805907172996,0.5828959555418339,1347,944
VAE (dense),models/vae_grid_runs/20260430_074356_wrapup_layers_windows_noscale_beta1/runs/windows/win120_s42/20260430_081342,96.46530612244898,154.4875836106904,0.43988816402609504,0.9957805907172996,0.6102133160956691,1202,944
VAE (dense),models/vae_grid_runs/20260430_074356_wrapup_layers_windows_noscale_beta1/runs/windows/win120_s42/20260430_081342,96.56632653061224,155.9156005143146,0.47941026944585663,0.9947257383966245,0.6469982847341339,1024,943
VAE (dense),models/vae_grid_runs/20260430_074356_wrapup_layers_windows_noscale_beta1/runs/windows/win120_s42/20260430_081342,96.66734693877551,157.23829201087176,0.5102813852813853,0.9947257383966245,0.6745350500715308,905,943
VAE (dense),models/vae_grid_runs/20260430_074356_wrapup_layers_windows_noscale_beta1/runs/windows/win120_s42/20260430_081342,96.76836734693877,159.06126316304116,0.5492137449039022,0.9947257383966245,0.7076923076923077,774,943
VAE (dense),models/vae_grid_runs/20260430_074356_wrapup_layers_windows_noscale_beta1/runs/windows/win120_s42/20260430_081342,96.86938775510204,162.78737701291462,0.6467353951890035,0.9926160337552743,0.7831876820640865,514,941
VAE (dense),models/vae_grid_runs/20260430_074356_wrapup_layers_windows_noscale_beta1/runs/windows/win120_s42/20260430_081342,96.9704081632653,168.5162130313804,0.7788861180382377,0.9883966244725738,0.8712226871222687,266,937
VAE (dense),models/vae_grid_runs/20260430_074356_wrapup_layers_windows_noscale_beta1/runs/windows/win120_s42/20260430_081342,97.07142857142857,171.56303004673543,0.8194566170026293,0.9862869198312236,0.8951651507898516,206,935
VAE (dense),models/vae_grid_runs/20260430_074356_wrapup_layers_windows_noscale_beta1/runs/windows/win120_s42/20260430_081342,97.17244897959183,173.33170566045018,0.8339285714285715,0.9852320675105485,0.9032882011605415,186,934
VAE (dense),models/vae_grid_runs/20260430_074356_wrapup_layers_windows_noscale_beta1/runs/windows/win120_s42/20260430_081342,97.27346938775511,174.3028660465163,0.8452488687782805,0.9852320675105485,0.9098879688261081,171,934
VAE (dense),models/vae_grid_runs/20260430_074356_wrapup_layers_windows_noscale_beta1/runs/windows/win120_s42/20260430_081342,97.37448979591838,175.01856368084367,0.8495897903372835,0.9831223628691983,0.9114914425427874,165,932
VAE (dense),models/vae_grid_runs/20260430_074356_wrapup_layers_windows_noscale_beta1/runs/windows/win120_s42/20260430_081342,97.47551020408164,175.67234575793208,0.8556985294117647,0.9820675105485233,0.9145383104125737,157,931
VAE (dense),models/vae_grid_runs/20260430_074356_wrapup_layers_windows_noscale_beta1/runs/windows/win120_s42/20260430_081342,97.57653061224491,176.0837885019731,0.8564857405703772,0.9820675105485233,0.9149877149877149,156,931
VAE (dense),models/vae_grid_runs/20260430_074356_wrapup_layers_windows_noscale_beta1/runs/windows/win120_s42/20260430_081342,97.67755102040817,176.68474699059314,0.8628359592215014,0.9820675105485233,0.9185989146521955,148,931
VAE (dense),models/vae_grid_runs/20260430_074356_wrapup_layers_windows_noscale_beta1/runs/windows/win120_s42/20260430_081342,97.77857142857144,177.1869075971332,0.8684701492537313,0.9820675105485233,0.9217821782178218,141,931
VAE (dense),models/vae_grid_runs/20260430_074356_wrapup_layers_windows_noscale_beta1/runs/windows/win120_s42/20260430_081342,97.8795918367347,177.81041038295203,0.8712406015037594,0.9778481012658228,0.9214711729622267,137,927
VAE (dense),models/vae_grid_runs/20260430_074356_wrapup_layers_windows_noscale_beta1/runs/windows/win120_s42/20260430_081342,97.98061224489797,178.54922459567322,0.8761814744801513,0.9778481012658228,0.9242273180458623,131,927
VAE (dense),models/vae_grid_runs/20260430_074356_wrapup_layers_windows_noscale_beta1/runs/windows/win120_s42/20260430_081342,98.08163265306123,178.9695563989758,0.879277566539924,0.9757383966244726,0.925,127,925
VAE (dense),models/vae_grid_runs/20260430_074356_wrapup_layers_windows_noscale_beta1/runs/windows/win120_s42/20260430_081342,98.1826530612245,179.3300330903968,0.8801141769743102,0.9757383966244726,0.9254627313656829,126,925
VAE (dense),models/vae_grid_runs/20260430_074356_wrapup_layers_windows_noscale_beta1/runs/windows/win120_s42/20260430_081342,98.28367346938776,179.88407193553704,0.8815663801337154,0.9736286919831224,0.9253132832080201,124,923
VAE (dense),models/vae_grid_runs/20260430_074356_wrapup_layers_windows_noscale_beta1/runs/windows/win120_s42/20260430_081342,98.38469387755103,180.40033370598007,0.8840996168582376,0.9736286919831224,0.926706827309237,121,923
VAE (dense),models/vae_grid_runs/20260430_074356_wrapup_layers_windows_noscale_beta1/runs/windows/win120_s42/20260430_081342,98.4857142857143,180.96416592843204,0.888996138996139,0.9715189873417721,0.9284274193548387,115,921
VAE (dense),models/vae_grid_runs/20260430_074356_wrapup_layers_windows_noscale_beta1/runs/windows/win120_s42/20260430_081342,98.58673469387756,181.61307760121878,0.8923375363724539,0.9704641350210971,0.9297625063163214,111,920
VAE (dense),models/vae_grid_runs/20260430_074356_wrapup_layers_windows_noscale_beta1/runs/windows/win120_s42/20260430_081342,98.68775510204082,182.27925802923707,0.8963831867057673,0.9672995780590717,0.930492135971588,106,917
VAE (dense),models/vae_grid_runs/20260430_074356_wrapup_layers_windows_noscale_beta1/runs/windows/win120_s42/20260430_081342,98.78877551020409,182.93595454064194,0.899803536345776,0.9662447257383966,0.9318413021363173,102,916
VAE (dense),models/vae_grid_runs/20260430_074356_wrapup_layers_windows_noscale_beta1/runs/windows/win120_s42/20260430_081342,98.88979591836735,183.62895204131456,0.9032576505429417,0.9651898734177216,0.9331973482916879,98,915
VAE (dense),models/vae_grid_runs/20260430_074356_wrapup_layers_windows_noscale_beta1/runs/windows/win120_s42/20260430_081342,98.99081632653062,184.42531691196987,0.9067460317460317,0.9641350210970464,0.9345603271983639,94,914
VAE (dense),models/vae_grid_runs/20260430_074356_wrapup_layers_windows_noscale_beta1/runs/windows/win120_s42/20260430_081342,99.09183673469389,185.49140296157526,0.9086345381526104,0.9546413502109705,0.9310699588477367,91,905
VAE (dense),models/vae_grid_runs/20260430_074356_wrapup_layers_windows_noscale_beta1/runs/windows/win120_s42/20260430_081342,99.19285714285715,187.71262048339847,0.9124168514412417,0.8681434599156118,0.8897297297297299,79,823
VAE (dense),models/vae_grid_runs/20260430_074356_wrapup_layers_windows_noscale_beta1/runs/windows/win120_s42/20260430_081342,99.29387755102042,190.2685948536153,0.8997175141242938,0.6719409282700421,0.7693236714975844,71,637
VAE (dense),models/vae_grid_runs/20260430_074356_wrapup_layers_windows_noscale_beta1/runs/windows/win120_s42/20260430_081342,99.39489795918368,192.53039157042213,0.888015717092338,0.4767932489451477,0.6204529855868223,57,452
VAE (dense),models/vae_grid_runs/20260430_074356_wrapup_layers_windows_noscale_beta1/runs/windows/win120_s42/20260430_081342,99.49591836734695,197.70151814363462,0.8302752293577982,0.1909282700421941,0.3104631217838765,37,181
VAE (dense),models/vae_grid_runs/20260430_074356_wrapup_layers_windows_noscale_beta1/runs/windows/win120_s42/20260430_081342,99.59693877551021,206.7727669167051,0.8888888888888888,0.08438818565400844,0.15414258188824662,10,80
VAE (dense),models/vae_grid_runs/20260430_074356_wrapup_layers_windows_noscale_beta1/runs/windows/win120_s42/20260430_081342,99.69795918367348,219.8471201719951,0.9493670886075949,0.07911392405063292,0.14605647517039924,4,75
VAE (dense),models/vae_grid_runs/20260430_074356_wrapup_layers_windows_noscale_beta1/runs/windows/win120_s42/20260430_081342,99.79897959183674,223.76764099183396,0.948051948051948,0.0770042194092827,0.1424390243902439,4,73
VAE (dense),models/vae_grid_runs/20260430_074356_wrapup_layers_windows_noscale_beta1/runs/windows/win120_s42/20260430_081342,99.9,225.5661037597658,0.958904109589041,0.07383966244725738,0.13712047012732614,3,70
Isolation Forest,models/baseline_runs/isolation_forest/20260430_063747,90.0,0.03324788063764572,0.3218898708361659,1.0,0.4870146567240936,3990,1894
Isolation Forest,models/baseline_runs/isolation_forest/20260430_063747,90.10102040816327,0.033724436955526474,0.3234289617486339,1.0,0.48877419354838714,3962,1894
Isolation Forest,models/baseline_runs/isolation_forest/20260430_063747,90.20204081632653,0.03425747906523092,0.3248713550600343,1.0,0.49041947177628176,3936,1894
Isolation Forest,models/baseline_runs/isolation_forest/20260430_063747,90.3030612244898,0.03472383549170835,0.32570937231298364,1.0,0.4913737190297055,3921,1894
Isolation Forest,models/baseline_runs/isolation_forest/20260430_063747,90.40408163265306,0.03518366579498563,0.3271722231818967,1.0,0.49303657425484837,3895,1894
Isolation Forest,models/baseline_runs/isolation_forest/20260430_063747,90.50510204081633,0.035638518797765854,0.32842032252470954,1.0,0.49445242135491446,3873,1894
Isolation Forest,models/baseline_runs/isolation_forest/20260430_063747,90.60612244897959,0.03618354325049687,0.3297927912240989,1.0,0.49600628519051976,3849,1894
Isolation Forest,models/baseline_runs/isolation_forest/20260430_063747,90.70714285714286,0.03661852558143421,0.33054101221640486,1.0,0.49685204616998946,3836,1894
Isolation Forest,models/baseline_runs/isolation_forest/20260430_063747,90.80816326530612,0.03711820947272433,0.3316987740805604,1.0,0.49815886375591795,3816,1894
Isolation Forest,models/baseline_runs/isolation_forest/20260430_063747,90.90918367346939,0.037637865989069826,0.33309883925430883,1.0,0.49973614775725594,3792,1894
Isolation Forest,models/baseline_runs/isolation_forest/20260430_063747,91.01020408163265,0.03819078878898706,0.3340977244663962,1.0,0.5008594473092688,3775,1894
Isolation Forest,models/baseline_runs/isolation_forest/20260430_063747,91.11122448979592,0.0387790237886033,0.33545873184555436,1.0,0.5023872679045093,3752,1894
Isolation Forest,models/baseline_runs/isolation_forest/20260430_063747,91.21224489795918,0.03925616797059777,0.3364120781527531,1.0,0.5034556087187666,3736,1894
Isolation Forest,models/baseline_runs/isolation_forest/20260430_063747,91.31326530612245,0.03980747050206577,0.3377920456572142,1.0,0.5049993334222104,3713,1894
Isolation Forest,models/baseline_runs/isolation_forest/20260430_063747,91.41428571428571,0.040306903235614304,0.33906194056569994,1.0,0.5064171122994652,3692,1894
Isolation Forest,models/baseline_runs/isolation_forest/20260430_063747,91.51530612244898,0.04078758255179441,0.34046377853676074,1.0,0.5079790800590049,3669,1894
Isolation Forest,models/baseline_runs/isolation_forest/20260430_063747,91.61632653061224,0.04129099409495086,0.3414458265729223,1.0,0.509071361376159,3653,1894
Isolation Forest,models/baseline_runs/isolation_forest/20260430_063747,91.7173469387755,0.04183702203445135,0.34218608852755195,1.0,0.509893659981155,3641,1894
Isolation Forest,models/baseline_runs/isolation_forest/20260430_063747,91.81836734693877,0.042536754254251706,0.3438634713144517,1.0,0.5117535801134828,3614,1894
Isolation Forest,models/baseline_runs/isolation_forest/20260430_063747,91.91938775510204,0.04325464703142641,0.345053743851339,1.0,0.5130705675199783,3595,1894
Isolation Forest,models/baseline_runs/isolation_forest/20260430_063747,92.0204081632653,0.04407914501747904,0.34701355807988277,1.0,0.515233949945593,3564,1894
Isolation Forest,models/baseline_runs/isolation_forest/20260430_063747,92.12142857142857,0.044879050925374024,0.34912442396313365,1.0,0.5175570433119279,3531,1894
Isolation Forest,models/baseline_runs/isolation_forest/20260430_063747,92.22244897959183,0.045590776364718165,0.3506758007776338,1.0,0.5192597669636737,3507,1894
Isolation Forest,models/baseline_runs/isolation_forest/20260430_063747,92.3234693877551,0.046404509312872357,0.35283159463487335,1.0,0.5216193885981824,3474,1894
Isolation Forest,models/baseline_runs/isolation_forest/20260430_063747,92.42448979591836,0.04719293734857011,0.3540186915887851,1.0,0.522915516289343,3456,1894
Isolation Forest,models/baseline_runs/isolation_forest/20260430_063747,92.52551020408163,0.04807210610514238,0.3557475582268971,1.0,0.5247991133277916,3430,1894
Isolation Forest,models/baseline_runs/isolation_forest/20260430_063747,92.6265306122449,0.04895506018240543,0.35722368917389663,1.0,0.5264035575319622,3408,1894
Isolation Forest,models/baseline_runs/isolation_forest/20260430_063747,92.72755102040817,0.04977593469167398,0.3589160507864317,1.0,0.5282387393668944,3383,1894
Isolation Forest,models/baseline_runs/isolation_forest/20260430_063747,92.82857142857144,0.050864190421998606,0.36048724781119146,1.0,0.5299384443200895,3360,1894
Isolation Forest,models/baseline_runs/isolation_forest/20260430_063747,92.9295918367347,0.05192577495638814,0.3620722615178742,1.0,0.5316491228070175,3337,1894
Isolation Forest,models/baseline_runs/isolation_forest/20260430_063747,93.03061224489797,0.05301686136850294,0.3633224630730865,1.0,0.5329956381032784,3319,1894
Isolation Forest,models/baseline_runs/isolation_forest/20260430_063747,93.13163265306123,0.05424930047509961,0.36549594751061365,1.0,0.5353306953080836,3288,1894
Isolation Forest,models/baseline_runs/isolation_forest/20260430_063747,93.2326530612245,0.05546873605677085,0.36798134835826696,1.0,0.537991762533731,3253,1894
Isolation Forest,models/baseline_runs/isolation_forest/20260430_063747,93.33367346938776,0.05664972194603511,0.3702111024237686,1.0,0.5403708987161199,3222,1894
Isolation Forest,models/baseline_runs/isolation_forest/20260430_063747,93.43469387755103,0.057929264993539877,0.3722713864306785,0.9994720168954594,0.5424845966470841,3192,1893
Isolation Forest,models/baseline_runs/isolation_forest/20260430_063747,93.53571428571429,0.059480621479451656,0.374184621466693,0.9994720168954594,0.5445131597871422,3166,1893
Isolation Forest,models/baseline_runs/isolation_forest/20260430_063747,93.63673469387756,0.06107062857065884,0.3768664144933307,0.9994720168954594,0.5473471158016482,3130,1893
Isolation Forest,models/baseline_runs/isolation_forest/20260430_063747,93.73775510204082,0.06273472619109922,0.3792067307692308,0.9994720168954594,0.5498112111530642,3099,1893
Isolation Forest,models/baseline_runs/isolation_forest/20260430_063747,93.83877551020409,0.0645779212670667,0.3822697899838449,0.9994720168954594,0.5530236634531114,3059,1893
Isolation Forest,models/baseline_runs/isolation_forest/20260430_063747,93.93979591836735,0.06605035288791572,0.38343123354263725,0.9994720168954594,0.554238032498902,3044,1893
Isolation Forest,models/baseline_runs/isolation_forest/20260430_063747,94.04081632653062,0.06786293642861503,0.38593272171253823,0.9994720168954594,0.5568465950875129,3012,1893
Isolation Forest,models/baseline_runs/isolation_forest/20260430_063747,94.14183673469388,0.07017859175269094,0.3883076923076923,0.9994720168954594,0.5593145220859802,2982,1893
Isolation Forest,models/baseline_runs/isolation_forest/20260430_063747,94.24285714285715,0.07212021369487047,0.3911965282083075,0.9994720168954594,0.5623050646071588,2946,1893
Isolation Forest,models/baseline_runs/isolation_forest/20260430_063747,94.34387755102041,0.07439820810354182,0.39314641744548284,0.9994720168954594,0.5643165896556863,2922,1893
Isolation Forest,models/baseline_runs/isolation_forest/20260430_063747,94.44489795918368,0.07719164937734645,0.39668901927912825,0.9994720168954594,0.567956795679568,2879,1893
Isolation Forest,models/baseline_runs/isolation_forest/20260430_063747,94.54591836734694,0.07954162977901971,0.3992828517190466,0.9994720168954594,0.5706103993971364,2848,1893
Isolation Forest,models/baseline_runs/isolation_forest/20260430_063747,94.64693877551021,0.08252035453915604,0.40293742017879947,0.9994720168954594,0.5743325242718447,2805,1893
Isolation Forest,models/baseline_runs/isolation_forest/20260430_063747,94.74795918367347,0.08595872369727924,0.4067468844005157,0.9994720168954594,0.5781918142944411,2761,1893
Isolation Forest,models/baseline_runs/isolation_forest/20260430_063747,94.84897959183674,0.09025903439947568,0.4108072916666667,0.9994720168954594,0.5822823746539526,2715,1893
Isolation Forest,models/baseline_runs/isolation_forest/20260430_063747,94.95,0.09451745441183453,0.4135896875682762,0.9994720168954594,0.5850718590635141,2684,1893
Isolation Forest,models/baseline_runs/isolation_forest/20260430_063747,95.05102040816327,0.09978991267936625,0.4170156491073396,0.9989440337909187,0.5883999378012751,2645,1892
Isolation Forest,models/baseline_runs/isolation_forest/20260430_063747,95.15204081632653,0.10688882084297369,0.42138084632516704,0.9989440337909187,0.5927318295739348,2598,1892
Isolation Forest,models/baseline_runs/isolation_forest/20260430_063747,95.2530612244898,0.11528050830321653,0.4268953068592058,0.9989440337909187,0.5981662978185268,2540,1892
Isolation Forest,models/baseline_runs/isolation_forest/20260430_063747,95.35408163265306,0.1228894372869816,0.43009774948852014,0.9989440337909187,0.6013030351183855,2507,1892
Isolation Forest,models/baseline_runs/isolation_forest/20260430_063747,95.45510204081633,0.12598347286028536,0.4321608040201005,0.9989440337909187,0.6033163265306123,2486,1892
Isolation Forest,models/baseline_runs/isolation_forest/20260430_063747,95.5561224489796,0.12714943156710698,0.4328528940745825,0.9989440337909187,0.6039904229848364,2479,1892
Isolation Forest,models/baseline_runs/isolation_forest/20260430_063747,95.65714285714286,0.12800764441490176,0.43354720439963335,0.9989440337909187,0.6046660274848195,2472,1892
Isolation Forest,models/baseline_runs/isolation_forest/20260430_063747,95.75816326530612,0.12868566510400606,0.4340445056205552,0.9989440337909187,0.6051495282264513,2467,1892
Isolation Forest,models/baseline_runs/isolation_forest/20260430_063747,95.85918367346939,0.1293906204402446,0.4342437456965802,0.9989440337909187,0.6053431450967846,2465,1892
Isolation Forest,models/baseline_runs/isolation_forest/20260430_063747,95.96020408163265,0.1300425170521651,0.43454294901240237,0.9989440337909187,0.6056338028169014,2462,1892
Isolation Forest,models/baseline_runs/isolation_forest/20260430_063747,96.06122448979592,0.13068349286913863,0.43474264705882354,0.9989440337909187,0.6058277297470381,2460,1892
Isolation Forest,models/baseline_runs/isolation_forest/20260430_063747,96.16224489795918,0.1312329732945987,0.43524269611226135,0.9989440337909187,0.6063130908508252,2455,1892
Isolation Forest,models/baseline_runs/isolation_forest/20260430_063747,96.26326530612245,0.1318208019648279,0.43541330877273776,0.9984160506863781,0.6063812730479398,2452,1891
Isolation Forest,models/baseline_runs/isolation_forest/20260430_063747,96.36428571428571,0.1325591191649437,0.4358147038488131,0.9984160506863781,0.6067704155302422,2448,1891
Isolation Forest,models/baseline_runs/isolation_forest/20260430_063747,96.46530612244898,0.1331256636551448,0.436317489616982,0.9984160506863781,0.607257546563905,2443,1891
Isolation Forest,models/baseline_runs/isolation_forest/20260430_063747,96.56632653061224,0.13369010694857153,0.43661971830985913,0.9984160506863781,0.6075502008032129,2440,1891
Isolation Forest,models/baseline_runs/isolation_forest/20260430_063747,96.66734693877551,0.13431991562247275,0.43722543352601156,0.9984160506863781,0.6081363563273838,2434,1891
Isolation Forest,models/baseline_runs/isolation_forest/20260430_063747,96.76836734693877,0.13488424164908272,0.43752892179546504,0.9984160506863781,0.6084298584298584,2431,1891
Isolation Forest,models/baseline_runs/isolation_forest/20260430_063747,96.86938775510204,0.13544226278151783,0.43793422880963406,0.9984160506863781,0.6088216355441082,2427,1891
Isolation Forest,models/baseline_runs/isolation_forest/20260430_063747,96.9704081632653,0.13608222164745842,0.4386453259104616,0.9984160506863781,0.6095084609186141,2420,1891
Isolation Forest,models/baseline_runs/isolation_forest/20260430_063747,97.07142857142857,0.13675685226917267,0.43966519414089744,0.9984160506863781,0.6104923325262308,2410,1891
Isolation Forest,models/baseline_runs/isolation_forest/20260430_063747,97.17244897959183,0.13734195445265088,0.4416160672582905,0.9984160506863781,0.6123704663212435,2391,1891
Isolation Forest,models/baseline_runs/isolation_forest/20260430_063747,97.27346938775511,0.1379493921995164,0.44420953723279305,0.9984160506863781,0.6148593724597626,2366,1891
Isolation Forest,models/baseline_runs/isolation_forest/20260430_063747,97.37448979591838,0.13848057878868925,0.4468336483931947,0.9984160506863781,0.6173685928827947,2341,1891
Isolation Forest,models/baseline_runs/isolation_forest/20260430_063747,97.47551020408164,0.13902176453598908,0.4502380952380952,0.9984160506863781,0.620610436494913,2309,1891
Isolation Forest,models/baseline_runs/isolation_forest/20260430_063747,97.57653061224491,0.13962716263319766,0.4541086016338299,0.9978880675818373,0.6241743725231176,2272,1890
Isolation Forest,models/baseline_runs/isolation_forest/20260430_063747,97.67755102040817,0.1402614417885031,0.46142578125,0.9978880675818373,0.6310517529215358,2206,1890
Isolation Forest,models/baseline_runs/isolation_forest/20260430_063747,97.77857142857144,0.14093049820512546,0.46810622983370564,0.9957761351636748,0.63683943947324,2143,1886
Isolation Forest,models/baseline_runs/isolation_forest/20260430_063747,97.8795918367347,0.14156580514141492,0.47854785478547857,0.9952481520591341,0.6463226470084005,2054,1885
Isolation Forest,models/baseline_runs/isolation_forest/20260430_063747,97.98061224489797,0.14237744669829108,0.4925412195760272,0.9936642027455121,0.6586176727909011,1939,1882
Isolation Forest,models/baseline_runs/isolation_forest/20260430_063747,98.08163265306123,0.14322748248066247,0.5097666847531199,0.9920802534318902,0.6734767025089606,1807,1879
Isolation Forest,models/baseline_runs/isolation_forest/20260430_063747,98.1826530612245,0.1445083432963921,0.5414859786065337,0.9889123548046462,0.6997945077526622,1586,1873
Isolation Forest,models/baseline_runs/isolation_forest/20260430_063747,98.28367346938776,0.14584538766316008,0.5766738660907127,0.9868004223864836,0.7279454722492698,1372,1869
Isolation Forest,models/baseline_runs/isolation_forest/20260430_063747,98.38469387755103,0.14719959340457417,0.6163522012578616,0.9831045406546991,0.7576805696846388,1159,1862
Isolation Forest,models/baseline_runs/isolation_forest/20260430_063747,98.4857142857143,0.14805790409445765,0.6431535269709544,0.9820485744456178,0.7772670288340995,1032,1860
Isolation Forest,models/baseline_runs/isolation_forest/20260430_063747,98.58673469387756,0.14869595837912392,0.6634512325830654,0.9804646251319957,0.7913914340507138,942,1857
Isolation Forest,models/baseline_runs/isolation_forest/20260430_063747,98.68775510204082,0.14947876158569545,0.6860637509266123,0.9772967265047519,0.8061846689895471,847,1851
Isolation Forest,models/baseline_runs/isolation_forest/20260430_063747,98.78877551020409,0.15016457563532254,0.7075688073394495,0.9772967265047519,0.8208425720620843,765,1851
Isolation Forest,models/baseline_runs/isolation_forest/20260430_063747,98.88979591836735,0.15097541085311345,0.7302527646129542,0.9762407602956705,0.8355173971983733,683,1849
Isolation Forest,models/baseline_runs/isolation_forest/20260430_063747,98.99081632653062,0.1515925410336682,0.7424425634824667,0.9725448785638859,0.8420571428571428,639,1842
Isolation Forest,models/baseline_runs/isolation_forest/20260430_063747,99.09183673469389,0.15242964455059602,0.7580379225061831,0.970960929250264,0.851388888888889,587,1839
Isolation Forest,models/baseline_runs/isolation_forest/20260430_063747,99.19285714285715,0.1532719306647779,0.769907795473596,0.9699049630411827,0.858411214953271,549,1837
Isolation Forest,models/baseline_runs/isolation_forest/20260430_063747,99.29387755102042,0.1541489028504917,0.7816091954022989,0.9693769799366421,0.8654254065519681,513,1836
Isolation Forest,models/baseline_runs/isolation_forest/20260430_063747,99.39489795918368,0.1555247748004539,0.7935064935064935,0.96779303062302,0.8720266412940056,477,1833
Isolation Forest,models/baseline_runs/isolation_forest/20260430_063747,99.49591836734695,0.15740138164588433,0.8103907637655418,0.9635691657866948,0.8803666184273999,427,1825
Isolation Forest,models/baseline_runs/isolation_forest/20260430_063747,99.59693877551021,0.1592910968299423,0.8184684684684684,0.9593453009503696,0.8833252309188138,403,1817
Isolation Forest,models/baseline_runs/isolation_forest/20260430_063747,99.69795918367348,0.1654980399778912,0.8674059787849566,0.9498416050686378,0.9067540322580645,275,1799
Isolation Forest,models/baseline_runs/isolation_forest/20260430_063747,99.79897959183674,0.16972481480666593,0.9065989847715736,0.9429778247096093,0.9244306418219462,184,1786
Isolation Forest,models/baseline_runs/isolation_forest/20260430_063747,99.9,0.17622601576149596,0.9090909090909091,0.6388595564941922,0.7503875968992249,121,1210
PCA reconstruction,models/baseline_runs/pca_recon/20260430_063858,90.0,91.9189224243164,0.0922970159611381,0.3511087645195354,0.14616990878118474,6540,665
PCA reconstruction,models/baseline_runs/pca_recon/20260430_063858,90.10102040816327,92.77431424004692,0.09156895589056394,0.34635691657866946,0.1448443364981232,6508,656
PCA reconstruction,models/baseline_runs/pca_recon/20260430_063858,90.20204081632653,93.65693179539272,0.09030898876404495,0.33949313621964095,0.14266696250277347,6477,643
PCA reconstruction,models/baseline_runs/pca_recon/20260430_063858,90.3030612244898,94.90168059212822,0.08847678369195923,0.32998944033790917,0.1395400759098013,6439,625
PCA reconstruction,models/baseline_runs/pca_recon/20260430_063858,90.40408163265306,96.05558874947683,0.08727895037079293,0.32312565997888065,0.13743543678419046,6400,612
PCA reconstruction,models/baseline_runs/pca_recon/20260430_063858,90.50510204081633,97.16183914457031,0.08433908045977012,0.3099260823653643,0.13259543709058053,6373,587
PCA reconstruction,models/baseline_runs/pca_recon/20260430_063858,90.60612244897959,98.26784229278563,0.08213820078226858,0.29936642027455124,0.1289075821302717,6336,567
PCA reconstruction,models/baseline_runs/pca_recon/20260430_063858,90.70714285714286,99.72374801635742,0.07952053793305072,0.28722280887011614,0.12455638236977676,6297,544
PCA reconstruction,models/baseline_runs/pca_recon/20260430_063858,90.80816326530612,100.75270407540451,0.07710452602093469,0.27613516367476243,0.12054857669701509,6260,523
PCA reconstruction,models/baseline_runs/pca_recon/20260430_063858,90.90918367346939,101.8071272441319,0.07535671819262782,0.2676874340021119,0.11760612386917188,6221,507
PCA reconstruction,models/baseline_runs/pca_recon/20260430_063858,91.01020408163265,103.02575901576459,0.0719208870242733,0.25343189017951423,0.11204481792717086,6194,480
PCA reconstruction,models/baseline_runs/pca_recon/20260430_063858,91.11122448979592,104.6317033767701,0.06765551687604056,0.23600844772967264,0.10516409834137158,6160,447
PCA reconstruction,models/baseline_runs/pca_recon/20260430_063858,91.21224489795918,105.77509427751824,0.06596587446678855,0.2286166842661035,0.10238827145897375,6131,433
PCA reconstruction,models/baseline_runs/pca_recon/20260430_063858,91.31326530612245,107.04211861746654,0.06445672191528545,0.22175290390707497,0.09988109393579073,6096,420
PCA reconstruction,models/baseline_runs/pca_recon/20260430_063858,91.41428571428571,108.3214279174805,0.06209453197405004,0.2122492080253432,0.09608030592734226,6072,402
PCA reconstruction,models/baseline_runs/pca_recon/20260430_063858,91.51530612244898,109.74860320772454,0.05956454121306377,0.20221752903907075,0.09202306583373379,6047,383
PCA reconstruction,models/baseline_runs/pca_recon/20260430_063858,91.61632653061224,110.95852323259648,0.05840901973066082,0.1969376979936642,0.09009661835748792,6013,373
PCA reconstruction,models/baseline_runs/pca_recon/20260430_063858,91.7173469387755,112.06825109209316,0.05744412968209002,0.19271383315733898,0.0885063045586809,5989,365
PCA reconstruction,models/baseline_runs/pca_recon/20260430_063858,91.81836734693877,113.33620398385183,0.05659184318684793,0.1890179514255544,0.08710462287104623,5968,358
PCA reconstruction,models/baseline_runs/pca_recon/20260430_063858,91.91938775510204,114.95083706719525,0.05578512396694215,0.1853220696937698,0.08575616906914245,5941,351
PCA reconstruction,models/baseline_runs/pca_recon/20260430_063858,92.0204081632653,116.24260575430722,0.054481546572934976,0.18004223864836325,0.08365019011406845,5918,341
PCA reconstruction,models/baseline_runs/pca_recon/20260430_063858,92.12142857142857,117.9363219261168,0.053580048270313756,0.17581837381203802,0.08213096559378467,5882,333
PCA reconstruction,models/baseline_runs/pca_recon/20260430_063858,92.22244897959183,119.34300324576236,0.052980132450331126,0.17317845828933473,0.08113790970933828,5863,328
PCA reconstruction,models/baseline_runs/pca_recon/20260430_063858,92.3234693877551,120.98197481972826,0.05164853012830924,0.1678986272439282,0.07899639796298596,5839,318
PCA reconstruction,models/baseline_runs/pca_recon/20260430_063858,92.42448979591836,122.93620300292969,0.051077023498694515,0.16525871172122492,0.07803540264273247,5815,313
PCA reconstruction,models/baseline_runs/pca_recon/20260430_063858,92.52551020408163,125.03938647678913,0.04776807774666447,0.15311510031678988,0.07281858129315756,5781,290
PCA reconstruction,models/baseline_runs/pca_recon/20260430_063858,92.6265306122449,126.70450733729784,0.04665784248841827,0.14889123548046462,0.07105064247921392,5762,282
PCA reconstruction,models/baseline_runs/pca_recon/20260430_063858,92.72755102040817,128.61568786076154,0.0454318522216675,0.14413938753959873,0.06908768821966342,5736,273
PCA reconstruction,models/baseline_runs/pca_recon/20260430_063858,92.82857142857144,130.2678352355959,0.043026954629164574,0.13569165786694826,0.06533621456717936,5716,257
PCA reconstruction,models/baseline_runs/pca_recon/20260430_063858,92.9295918367347,131.7041114807131,0.040538267451640034,0.12724392819429778,0.061487434621762975,5704,241
PCA reconstruction,models/baseline_runs/pca_recon/20260430_063858,93.03061224489797,133.5011534009664,0.03873477672530447,0.12090813093980993,0.05867281578273122,5683,229
PCA reconstruction,models/baseline_runs/pca_recon/20260430_063858,93.13163265306123,135.35602199009492,0.03591489361702128,0.11140443505807814,0.05431844510232977,5664,211
PCA reconstruction,models/baseline_runs/pca_recon/20260430_063858,93.2326530612245,137.3136723109659,0.033276157804459694,0.10242872228088701,0.050233039875712066,5636,194
PCA reconstruction,models/baseline_runs/pca_recon/20260430_063858,93.33367346938776,139.87146295819963,0.03162260238465526,0.0966209081309398,0.04765004556698346,5604,183
PCA reconstruction,models/baseline_runs/pca_recon/20260430_063858,93.43469387755103,142.97870597839355,0.02807813044994768,0.0850052798310454,0.04221289984268484,5573,161
PCA reconstruction,models/baseline_runs/pca_recon/20260430_063858,93.53571428571429,146.1002836227417,0.024850193866760663,0.07444561774023231,0.037262156448202965,5533,141
PCA reconstruction,models/baseline_runs/pca_recon/20260430_063858,93.63673469387756,148.38309282575335,0.022044444444444443,0.06546990496304118,0.032983109456044685,5501,124
PCA reconstruction,models/baseline_runs/pca_recon/20260430_063858,93.73775510204082,151.00326701572968,0.018485283560660447,0.05438225976768744,0.02759174926332708,5469,103
PCA reconstruction,models/baseline_runs/pca_recon/20260430_063858,93.83877551020409,153.37525531223847,0.0167658193618172,0.049102428722280884,0.02499664023652735,5454,93
PCA reconstruction,models/baseline_runs/pca_recon/20260430_063858,93.93979591836735,156.22459836687364,0.01325826371231384,0.038542766631467794,0.01972972972972973,5433,73
PCA reconstruction,models/baseline_runs/pca_recon/20260430_063858,94.04081632653062,159.48668997628351,0.012052593133674214,0.03484688489968321,0.01791044776119403,5410,66
PCA reconstruction,models/baseline_runs/pca_recon/20260430_063858,94.14183673469388,162.46000867571163,0.010650018362100624,0.030623020063357972,0.01580381471389646,5388,58
PCA reconstruction,models/baseline_runs/pca_recon/20260430_063858,94.24285714285715,165.49731445312509,0.009439200444197668,0.02692713833157339,0.013978347265999728,5352,51
PCA reconstruction,models/baseline_runs/pca_recon/20260430_063858,94.34387755102041,168.51988936832979,0.008940212330042838,0.025343189017951427,0.01321767864518794,5321,48
PCA reconstruction,models/baseline_runs/pca_recon/20260430_063858,94.44489795918368,172.37190529959568,0.0077096652877021435,0.02164730728616684,0.01136993899057127,5277,41
PCA reconstruction,models/baseline_runs/pca_recon/20260430_063858,94.54591836734694,176.11902318682002,0.007572889057175312,0.021119324181626188,0.011148272017837236,5242,40
PCA reconstruction,models/baseline_runs/pca_recon/20260430_063858,94.64693877551021,180.60020147051145,0.007636502481863307,0.021119324181626188,0.011217049915872126,5198,40
PCA reconstruction,models/baseline_runs/pca_recon/20260430_063858,94.74795918367347,184.83397015162882,0.007497116493656286,0.020591341077085535,0.010992108229988726,5163,39
PCA reconstruction,models/baseline_runs/pca_recon/20260430_063858,94.84897959183674,188.65555310930532,0.007153905645784996,0.019535374868004225,0.010472686102462497,5135,37
PCA reconstruction,models/baseline_runs/pca_recon/20260430_063858,94.95,191.39238948822023,0.007190050524679362,0.019535374868004225,0.010511363636363635,5109,37
PCA reconstruction,models/baseline_runs/pca_recon/20260430_063858,95.05102040816327,195.31505175999243,0.00724212174593854,0.019535374868004225,0.01056689990004284,5072,37
PCA reconstruction,models/baseline_runs/pca_recon/20260430_063858,95.15204081632653,198.74800935472774,0.00727630285152409,0.019535374868004225,0.010603238286287434,5048,37
PCA reconstruction,models/baseline_runs/pca_recon/20260430_063858,95.2530612244898,202.8182097298759,0.007125890736342043,0.01900739176346357,0.010365678088108265,5016,36
PCA reconstruction,models/baseline_runs/pca_recon/20260430_063858,95.35408163265306,205.55924658094133,0.007159904534606206,0.01900739176346357,0.010401618029471253,4992,36
PCA reconstruction,models/baseline_runs/pca_recon/20260430_063858,95.45510204081633,209.3310132707869,0.007194244604316547,0.01900739176346357,0.010437808060307337,4968,36
PCA reconstruction,models/baseline_runs/pca_recon/20260430_063858,95.5561224489796,213.16803782326838,0.00724200362100181,0.01900739176346357,0.010487982520029134,4935,36
PCA reconstruction,models/baseline_runs/pca_recon/20260430_063858,95.65714285714286,217.13038024902397,0.0072874493927125505,0.01900739176346357,0.010535557506584723,4904,36
PCA reconstruction,models/baseline_runs/pca_recon/20260430_063858,95.75816326530612,220.80634454999682,0.007334963325183374,0.01900739176346357,0.010585122022934431,4872,36
PCA reconstruction,models/baseline_runs/pca_recon/20260430_063858,95.85918367346939,224.52938357761929,0.007381587041213861,0.01900739176346357,0.010633584404076208,4841,36
PCA reconstruction,models/baseline_runs/pca_recon/20260430_063858,95.96020408163265,228.8385882241385,0.0074487895716946,0.01900739176346357,0.0107031366136465,4797,36
PCA reconstruction,models/baseline_runs/pca_recon/20260430_063858,96.06122448979592,232.5491191319056,0.0075046904315197,0.01900739176346357,0.01076072335973696,4761,36
PCA reconstruction,models/baseline_runs/pca_recon/20260430_063858,96.16224489795918,236.95515272957928,0.007556675062972292,0.01900739176346357,0.010814058275758485,4728,36
PCA reconstruction,models/baseline_runs/pca_recon/20260430_063858,96.26326530612245,240.52790908813458,0.007606169448552715,0.01900739176346357,0.010864644635581712,4697,36
PCA reconstruction,models/baseline_runs/pca_recon/20260430_063858,96.36428571428571,244.63663272857622,0.0076465590484282074,0.01900739176346357,0.01090578612541654,4672,36
PCA reconstruction,models/baseline_runs/pca_recon/20260430_063858,96.46530612244898,248.75959385463167,0.007700534759358289,0.01900739176346357,0.010960572385446796,4639,36
PCA reconstruction,models/baseline_runs/pca_recon/20260430_063858,96.56632653061224,253.7043045588902,0.007756948933419522,0.01900739176346357,0.011017597551644989,4605,36
PCA reconstruction,models/baseline_runs/pca_recon/20260430_063858,96.66734693877551,257.5935589381626,0.007800650054171181,0.01900739176346357,0.011061607005684437,4579,36
PCA reconstruction,models/baseline_runs/pca_recon/20260430_063858,96.76836734693877,263.08371854509613,0.007865414026655014,0.01900739176346357,0.011126564673157164,4541,36
PCA reconstruction,models/baseline_runs/pca_recon/20260430_063858,96.86938775510204,269.39154575892854,0.007954043305346884,0.01900739176346357,0.011214953271028037,4490,36
PCA reconstruction,models/baseline_runs/pca_recon/20260430_063858,96.9704081632653,273.0366056714739,0.007992895204262877,0.01900739176346357,0.011253516723976243,4468,36
PCA reconstruction,models/baseline_runs/pca_recon/20260430_063858,97.07142857142857,279.11587524414045,0.008084437457893555,0.01900739176346357,0.011343942019851897,4417,36
PCA reconstruction,models/baseline_runs/pca_recon/20260430_063858,97.17244897959183,284.795317840576,0.00818926296633303,0.01900739176346357,0.011446740858505564,4360,36
PCA reconstruction,models/baseline_runs/pca_recon/20260430_063858,97.27346938775511,290.8514840262282,0.008298755186721992,0.01900739176346357,0.011553273427471119,4302,36
PCA reconstruction,models/baseline_runs/pca_recon/20260430_063858,97.37448979591838,298.4413986206084,0.008438818565400843,0.01900739176346357,0.011688311688311687,4230,36
PCA reconstruction,models/baseline_runs/pca_recon/20260430_063858,97.47551020408164,303.78300999232715,0.008526764566556135,0.01900739176346357,0.011772400261608895,4186,36
PCA reconstruction,models/baseline_runs/pca_recon/20260430_063858,97.57653061224491,311.892085484096,0.008651766402307137,0.01900739176346357,0.011890999174236168,4125,36
PCA reconstruction,models/baseline_runs/pca_recon/20260430_063858,97.67755102040817,320.19297550746376,0.008786917256529168,0.01900739176346357,0.012018027040560842,4061,36
PCA reconstruction,models/baseline_runs/pca_recon/20260430_063858,97.77857142857144,328.86943244934446,0.008952996766973389,0.01900739176346357,0.01217244294167371,3985,36
PCA reconstruction,models/baseline_runs/pca_recon/20260430_063858,97.8795918367347,346.9289748055598,0.00927357032457496,0.01900739176346357,0.012465373961218837,3846,36
PCA reconstruction,models/baseline_runs/pca_recon/20260430_063858,97.98061224489797,360.48878348214424,0.00949617515167502,0.01900739176346357,0.01266490765171504,3755,36
PCA reconstruction,models/baseline_runs/pca_recon/20260430_063858,98.08163265306123,379.51775687081505,0.009833378858235455,0.01900739176346357,0.012961296129612962,3625,36
PCA reconstruction,models/baseline_runs/pca_recon/20260430_063858,98.1826530612245,400.0608824048732,0.010047446274072006,0.01900739176346357,0.013145882782545188,3547,36
PCA reconstruction,models/baseline_runs/pca_recon/20260430_063858,98.28367346938776,417.29740556989736,0.010195412064570943,0.01900739176346357,0.013271889400921659,3495,36
PCA reconstruction,models/baseline_runs/pca_recon/20260430_063858,98.38469387755103,449.11477748326695,0.010425716768027803,0.01900739176346357,0.013465494669908361,3417,36
PCA reconstruction,models/baseline_runs/pca_recon/20260430_063858,98.4857142857143,480.12758026123436,0.010743061772605193,0.01900739176346357,0.01372735938989514,3315,36
PCA reconstruction,models/baseline_runs/pca_recon/20260430_063858,98.58673469387756,504.07059587751337,0.011002444987775062,0.01900739176346357,0.013937282229965157,3236,36
PCA reconstruction,models/baseline_runs/pca_recon/20260430_063858,98.68775510204082,522.8571875435973,0.010923845193508116,0.018479408658922915,0.013730874852883485,3169,35
PCA reconstruction,models/baseline_runs/pca_recon/20260430_063858,98.78877551020409,540.9049267360147,0.01088,0.01795142555438226,0.01354851564056585,3091,34
PCA reconstruction,models/baseline_runs/pca_recon/20260430_063858,98.88979591836735,558.7457955496652,0.011217419993401518,0.01795142555438226,0.013807106598984773,2997,34
PCA reconstruction,models/baseline_runs/pca_recon/20260430_063858,98.99081632653062,575.4513074602403,0.011224489795918367,0.017423442449841606,0.01365328920148945,2907,33
PCA reconstruction,models/baseline_runs/pca_recon/20260430_063858,99.09183673469389,590.8061436244426,0.011518324607329843,0.017423442449841606,0.013868459760453878,2832,33
PCA reconstruction,models/baseline_runs/pca_recon/20260430_063858,99.19285714285715,609.7184936523445,0.011590003621876132,0.01689545934530095,0.013748657357679914,2729,32
PCA reconstruction,models/baseline_runs/pca_recon/20260430_063858,99.29387755102042,632.2134878976005,0.010642341315089319,0.014783526927138331,0.012375690607734805,2603,28
PCA reconstruction,models/baseline_runs/pca_recon/20260430_063858,99.39489795918368,662.0119784763947,0.007971303308090873,0.010559662090813094,0.009084714967067907,2489,20
PCA reconstruction,models/baseline_runs/pca_recon/20260430_063858,99.49591836734695,706.4626990182101,0.0074365704286964126,0.00897571277719113,0.008133971291866028,2269,17
PCA reconstruction,models/baseline_runs/pca_recon/20260430_063858,99.59693877551021,782.4901504516669,0.0032658393207054214,0.0026399155227032735,0.0029197080291970805,1526,5
PCA reconstruction,models/baseline_runs/pca_recon/20260430_063858,99.69795918367348,886.1757603236626,0.0018552875695732839,0.0005279831045406547,0.0008220304151253596,538,1
PCA reconstruction,models/baseline_runs/pca_recon/20260430_063858,99.79897959183674,1071.0778455462087,0.0,0.0,0.0,216,0
PCA reconstruction,models/baseline_runs/pca_recon/20260430_063858,99.9,1395.8881317140035,0.0,0.0,0.0,113,0
OC-SVM,models/baseline_runs/oc_svm/20260430_063918,90.0,-0.035714637488126755,0.22523486740397194,1.0,0.36765990488207323,6515,1894
OC-SVM,models/baseline_runs/oc_svm/20260430_063918,90.10102040816327,-0.035174331281866346,0.22598735234458894,1.0,0.36866180048661795,6487,1894
OC-SVM,models/baseline_runs/oc_svm/20260430_063918,90.20204081632653,-0.034654621247734343,0.22660923665948793,1.0,0.369488880218494,6464,1894
OC-SVM,models/baseline_runs/oc_svm/20260430_063918,90.3030612244898,-0.034159589558839784,0.22742555235350626,1.0,0.370573273332029,6434,1894
OC-SVM,models/baseline_runs/oc_svm/20260430_063918,90.40408163265306,-0.03359482639602254,0.2281103215705167,1.0,0.37148180837501227,6409,1894
OC-SVM,models/baseline_runs/oc_svm/20260430_063918,90.50510204081633,-0.033097265288233944,0.2288545190913485,1.0,0.37246804326450345,6382,1894
OC-SVM,models/baseline_runs/oc_svm/20260430_063918,90.60612244897959,-0.03260664322546553,0.22935335432308065,1.0,0.37312844759653274,6364,1894
OC-SVM,models/baseline_runs/oc_svm/20260430_063918,90.70714285714286,-0.03214366398751738,0.22991017237193492,1.0,0.3738649822345045,6344,1894
OC-SVM,models/baseline_runs/oc_svm/20260430_063918,90.80816326530612,-0.031680066351379696,0.23063809059912324,1.0,0.37482683554324164,6318,1894
OC-SVM,models/baseline_runs/oc_svm/20260430_063918,90.90918367346939,-0.03127517966287479,0.2312858712907559,1.0,0.37568184072200733,6295,1894
OC-SVM,models/baseline_runs/oc_svm/20260430_063918,91.01020408163265,-0.03084313177636691,0.2319373010041636,1.0,0.3765407554671968,6272,1894
OC-SVM,models/baseline_runs/oc_svm/20260430_063918,91.11122448979592,-0.03037979581526346,0.23273531580240844,1.0,0.377591706539075,6244,1894
OC-SVM,models/baseline_runs/oc_svm/20260430_063918,91.21224489795918,-0.029960795917681284,0.23336619024149827,1.0,0.3784215784215784,6222,1894
OC-SVM,models/baseline_runs/oc_svm/20260430_063918,91.31326530612245,-0.029361268665109352,0.23426097711811997,1.0,0.37959715402344923,6191,1894
OC-SVM,models/baseline_runs/oc_svm/20260430_063918,91.41428571428571,-0.02884666472673416,0.23516265209833623,1.0,0.3807800562927221,6160,1894
OC-SVM,models/baseline_runs/oc_svm/20260430_063918,91.51530612244898,-0.028322585193174217,0.23604187437686938,1.0,0.38193184109699535,6130,1894
OC-SVM,models/baseline_runs/oc_svm/20260430_063918,91.61632653061224,-0.0277701817452907,0.23677959744968122,1.0,0.382896997877287,6105,1894
OC-SVM,models/baseline_runs/oc_svm/20260430_063918,91.7173469387755,-0.027207256427833015,0.23764115432873276,1.0,0.3840227088402271,6076,1894
OC-SVM,models/baseline_runs/oc_svm/20260430_063918,91.81836734693877,-0.026605239510536224,0.2385390428211587,1.0,0.38519422412039866,6046,1894
OC-SVM,models/baseline_runs/oc_svm/20260430_063918,91.91938775510204,-0.02580131164618902,0.23953458960414822,1.0,0.3864911743699622,6013,1894
OC-SVM,models/baseline_runs/oc_svm/20260430_063918,92.0204081632653,-0.02495420351624491,0.2404773996952768,1.0,0.3877175025588537,5982,1894
OC-SVM,models/baseline_runs/oc_svm/20260430_063918,92.12142857142857,-0.024283165484666823,0.24130462479296727,1.0,0.3887919531971672,5955,1894
OC-SVM,models/baseline_runs/oc_svm/20260430_063918,92.22244897959183,-0.023625158944300274,0.24204472843450478,1.0,0.38975203210206805,5931,1894
OC-SVM,models/baseline_runs/oc_svm/20260430_063918,92.3234693877551,-0.022948198126895098,0.24288279045909208,1.0,0.3908378043747421,5904,1894
OC-SVM,models/baseline_runs/oc_svm/20260430_063918,92.42448979591836,-0.022275150780166942,0.24382080329557157,1.0,0.39205133512730284,5874,1894
OC-SVM,models/baseline_runs/oc_svm/20260430_063918,92.52551020408163,-0.021602136215993335,0.24470284237726098,1.0,0.3931907826447996,5846,1894
OC-SVM,models/baseline_runs/oc_svm/20260430_063918,92.6265306122449,-0.020796097921473453,0.2454003627882871,1.0,0.3940907199334166,5824,1894
OC-SVM,models/baseline_runs/oc_svm/20260430_063918,92.72755102040817,-0.020061766888414108,0.2463579604578564,1.0,0.39532456689626383,5794,1894
OC-SVM,models/baseline_runs/oc_svm/20260430_063918,92.82857142857144,-0.0194204322993755,0.24722621067745726,1.0,0.3964416535845108,5767,1894
OC-SVM,models/baseline_runs/oc_svm/20260430_063918,92.9295918367347,-0.018554792925715397,0.24898120152491127,1.0,0.3986948742237659,5713,1894
OC-SVM,models/baseline_runs/oc_svm/20260430_063918,93.03061224489797,-0.017868523086820284,0.24993401953021904,1.0,0.3999155405405405,5684,1894
OC-SVM,models/baseline_runs/oc_svm/20260430_063918,93.13163265306123,-0.017057777196168678,0.2507280910775748,1.0,0.40093141405588484,5660,1894
OC-SVM,models/baseline_runs/oc_svm/20260430_063918,93.2326530612245,-0.016038772570235386,0.25212992545260915,1.0,0.40272166702105033,5618,1894
OC-SVM,models/baseline_runs/oc_svm/20260430_063918,93.33367346938776,-0.015065737015434679,0.25388739946380695,1.0,0.40496044472952747,5566,1894
OC-SVM,models/baseline_runs/oc_svm/20260430_063918,93.43469387755103,-0.014343904703855517,0.25518728105631905,1.0,0.40661227994847576,5528,1894
OC-SVM,models/baseline_runs/oc_svm/20260430_063918,93.53571428571429,-0.013571154326200485,0.25663956639566393,1.0,0.40845374164330384,5486,1894
OC-SVM,models/baseline_runs/oc_svm/20260430_063918,93.63673469387756,-0.012859094887971878,0.2575469132444928,1.0,0.4096020761245675,5460,1894
OC-SVM,models/baseline_runs/oc_svm/20260430_063918,93.73775510204082,-0.011940169919814378,0.259168035030104,1.0,0.4116496413823082,5414,1894
OC-SVM,models/baseline_runs/oc_svm/20260430_063918,93.83877551020409,-0.0112595216504165,0.26045104510451045,1.0,0.4132664193759546,5378,1894
OC-SVM,models/baseline_runs/oc_svm/20260430_063918,93.93979591836735,-0.010478001939398879,0.26174682144831396,1.0,0.4148959474260679,5342,1894
OC-SVM,models/baseline_runs/oc_svm/20260430_063918,94.04081632653062,-0.009368000818150373,0.2636781289154949,1.0,0.41731849730087034,5289,1894
OC-SVM,models/baseline_runs/oc_svm/20260430_063918,94.14183673469388,-0.008212426251598752,0.265414798206278,1.0,0.41949058693244734,5242,1894
OC-SVM,models/baseline_runs/oc_svm/20260430_063918,94.24285714285715,-0.007231130916625234,0.26653532226287646,1.0,0.42088888888888887,5212,1894
OC-SVM,models/baseline_runs/oc_svm/20260430_063918,94.34387755102041,-0.006506109490458451,0.2677410234662143,1.0,0.42239072256913474,5180,1894
OC-SVM,models/baseline_runs/oc_svm/20260430_063918,94.44489795918368,-0.00543495175827788,0.26911054276783175,1.0,0.42409314823107924,5144,1894
OC-SVM,models/baseline_runs/oc_svm/20260430_063918,94.54591836734694,-0.004055181185581761,0.2709972814422664,1.0,0.42643251153889455,5095,1894
OC-SVM,models/baseline_runs/oc_svm/20260430_063918,94.64693877551021,-0.0026382581863019726,0.2728713441867166,1.0,0.42874929258630445,5047,1894
OC-SVM,models/baseline_runs/oc_svm/20260430_063918,94.74795918367347,-0.0013886212637380761,0.2748911465892598,1.0,0.4312386156648451,4996,1894
OC-SVM,models/baseline_runs/oc_svm/20260430_063918,94.84897959183674,-6.974737292946313e-05,0.2767387492694331,1.0,0.43350881208514536,4950,1894
OC-SVM,models/baseline_runs/oc_svm/20260430_063918,94.95,0.0014250623993575674,0.2786933490288405,1.0,0.43590333716915997,4902,1894
OC-SVM,models/baseline_runs/oc_svm/20260430_063918,95.05102040816327,0.002860376943967416,0.2804264139769026,1.0,0.4380203515263645,4860,1894
OC-SVM,models/baseline_runs/oc_svm/20260430_063918,95.15204081632653,0.004436634920005313,0.2827287654873862,1.0,0.44082392645176305,4805,1894
OC-SVM,models/baseline_runs/oc_svm/20260430_063918,95.2530612244898,0.006308035193277389,0.28532690569448627,1.0,0.443975621190811,4744,1894
OC-SVM,models/baseline_runs/oc_svm/20260430_063918,95.35408163265306,0.00808818962957181,0.28738424168817367,0.9994720168954594,0.44640962150689784,4694,1893
OC-SVM,models/baseline_runs/oc_svm/20260430_063918,95.45510204081633,0.009628347520317502,0.28944954128440364,0.9994720168954594,0.4488973203699312,4647,1893
OC-SVM,models/baseline_runs/oc_svm/20260430_063918,95.5561224489796,0.011179381981492167,0.29094264185760416,0.9989440337909187,0.45063713230915803,4611,1892
OC-SVM,models/baseline_runs/oc_svm/20260430_063918,95.65714285714286,0.01271196082234387,0.292336217552534,0.9989440337909187,0.4523069567296199,4580,1892
OC-SVM,models/baseline_runs/oc_svm/20260430_063918,95.75816326530612,0.014077173386301375,0.29365202545398106,0.9989440337909187,0.45388029267122465,4551,1892
OC-SVM,models/baseline_runs/oc_svm/20260430_063918,95.85918367346939,0.016097590859446904,0.29636591478696744,0.9989440337909187,0.4571152452283161,4492,1892
OC-SVM,models/baseline_runs/oc_svm/20260430_063918,95.96020408163265,0.017989768886140373,0.29889415481832543,0.9989440337909187,0.46011673151750976,4438,1892
OC-SVM,models/baseline_runs/oc_svm/20260430_063918,96.06122448979592,0.020261180720158926,0.3017543859649123,0.9989440337909187,0.4634982851543361,4378,1892
OC-SVM,models/baseline_runs/oc_svm/20260430_063918,96.16224489795918,0.022243185394576606,0.3045227748269757,0.9989440337909187,0.4667571234735414,4321,1892
OC-SVM,models/baseline_runs/oc_svm/20260430_063918,96.26326530612245,0.024472268032176128,0.30694354315379624,0.9989440337909187,0.4695954331099529,4272,1892
OC-SVM,models/baseline_runs/oc_svm/20260430_063918,96.36428571428571,0.026432333141565303,0.30799283737587496,0.9989440337909187,0.4708224461863879,4251,1892
OC-SVM,models/baseline_runs/oc_svm/20260430_063918,96.46530612244898,0.028169582890612735,0.3090493302842208,0.9989440337909187,0.4720558882235529,4230,1892
OC-SVM,models/baseline_runs/oc_svm/20260430_063918,96.56632653061224,0.030099657231143523,0.3107752956636005,0.9989440337909187,0.47406664996241543,4196,1892
OC-SVM,models/baseline_runs/oc_svm/20260430_063918,96.66734693877551,0.032217212021350826,0.3125619834710744,0.9984160506863781,0.4760825780463243,4159,1891
OC-SVM,models/baseline_runs/oc_svm/20260430_063918,96.76836734693877,0.03418858354645114,0.3146329282503746,0.9978880675818373,0.47842045310720166,4117,1890
OC-SVM,models/baseline_runs/oc_svm/20260430_063918,96.86938775510204,0.036904120977435756,0.3162307176391683,0.9957761351636748,0.4800203614151183,4078,1886
OC-SVM,models/baseline_runs/oc_svm/20260430_063918,96.9704081632653,0.03918184361287525,0.3170402831619754,0.9931362196409715,0.48064392487543117,4052,1881
OC-SVM,models/baseline_runs/oc_svm/20260430_063918,97.07142857142857,0.04240409657359031,0.318946474086661,0.9910242872228089,0.4825813086514976,4008,1877
OC-SVM,models/baseline_runs/oc_svm/20260430_063918,97.17244897959183,0.04825760312378303,0.3209006531454108,0.9857444561774024,0.48418049792531126,3951,1867
OC-SVM,models/baseline_runs/oc_svm/20260430_063918,97.27346938775511,0.05331096723675835,0.320699203876774,0.9783526927138332,0.48305526590198133,3925,1853
OC-SVM,models/baseline_runs/oc_svm/20260430_063918,97.37448979591838,0.05925604147570499,0.31978367062107466,0.96779303062302,0.48072383949645947,3899,1833
OC-SVM,models/baseline_runs/oc_svm/20260430_063918,97.47551020408164,0.06625649364931245,0.3186678352322524,0.9598732840549102,0.4784840110540861,3887,1818
OC-SVM,models/baseline_runs/oc_svm/20260430_063918,97.57653061224491,0.07749103062919253,0.31881502380532534,0.9545934530095037,0.477990746860542,3863,1808
OC-SVM,models/baseline_runs/oc_svm/20260430_063918,97.67755102040817,0.10060928102050522,0.29484119698916833,0.8479408658922915,0.4375425691322708,3841,1606
OC-SVM,models/baseline_runs/oc_svm/20260430_063918,97.77857142857144,0.17341037616135263,0.023255813953488372,0.04751847940865892,0.03122831367106176,3780,90
OC-SVM,models/baseline_runs/oc_svm/20260430_063918,97.8795918367347,0.20471257045865188,0.026611472501478415,0.04751847940865892,0.03411675511751326,3292,90
OC-SVM,models/baseline_runs/oc_svm/20260430_063918,97.98061224489797,0.21337797458150745,0.029693170570768722,0.04751847940865892,0.03654822335025381,2941,90
OC-SVM,models/baseline_runs/oc_svm/20260430_063918,98.08163265306123,0.22120809661490753,0.03341997772001486,0.04751847940865892,0.03924133420536298,2603,90
OC-SVM,models/baseline_runs/oc_svm/20260430_063918,98.1826530612245,0.22684086853904423,0.03706754530477759,0.04751847940865892,0.041647385469689956,2338,90
OC-SVM,models/baseline_runs/oc_svm/20260430_063918,98.28367346938776,0.2307109762515352,0.042836744407425034,0.04751847940865892,0.04505632040050062,2011,90
OC-SVM,models/baseline_runs/oc_svm/20260430_063918,98.38469387755103,0.23935351406357203,0.05392450569203116,0.04751847940865892,0.050519225371877634,1579,90
OC-SVM,models/baseline_runs/oc_svm/20260430_063918,98.4857142857143,0.24567883685231365,0.0694980694980695,0.04751847940865892,0.05644402634054563,1205,90
OC-SVM,models/baseline_runs/oc_svm/20260430_063918,98.58673469387756,0.25838360429874596,0.09528907922912205,0.046990496304118265,0.06294200848656294,845,89
OC-SVM,models/baseline_runs/oc_svm/20260430_063918,98.68775510204082,0.2792860870914809,0.12378303198887343,0.046990496304118265,0.06812093379257558,630,89
OC-SVM,models/baseline_runs/oc_svm/20260430_063918,98.78877551020409,0.2952935779201133,0.13049853372434017,0.046990496304118265,0.06909937888198757,593,89
OC-SVM,models/baseline_runs/oc_svm/20260430_063918,98.88979591836735,0.3041584065982282,0.13423831070889894,0.046990496304118265,0.06961282753226437,574,89
OC-SVM,models/baseline_runs/oc_svm/20260430_063918,98.99081632653062,0.30798569124724196,0.13567073170731708,0.046990496304118265,0.06980392156862744,567,89
OC-SVM,models/baseline_runs/oc_svm/20260430_063918,99.09183673469389,0.3112466638641699,0.13862928348909656,0.046990496304118265,0.07018927444794952,553,89
OC-SVM,models/baseline_runs/oc_svm/20260430_063918,99.19285714285715,0.3145674604922533,0.14149443561208266,0.046990496304118265,0.07055093143083631,540,89
OC-SVM,models/baseline_runs/oc_svm/20260430_063918,99.29387755102042,0.3179020191941945,0.14424635332252836,0.046990496304118265,0.07088809239346874,528,89
OC-SVM,models/baseline_runs/oc_svm/20260430_063918,99.39489795918368,0.32107685591493346,0.14662273476112025,0.046990496304118265,0.07117153138744502,518,89
OC-SVM,models/baseline_runs/oc_svm/20260430_063918,99.49591836734695,0.3242216117680078,0.15213675213675212,0.046990496304118265,0.0718031464300121,496,89
OC-SVM,models/baseline_runs/oc_svm/20260430_063918,99.59693877551021,0.33143236621149963,0.1654275092936803,0.046990496304118265,0.07319078947368421,449,89
OC-SVM,models/baseline_runs/oc_svm/20260430_063918,99.69795918367348,0.37830388162820433,0.1894273127753304,0.0454065469904963,0.07325383304940374,368,86
OC-SVM,models/baseline_runs/oc_svm/20260430_063918,99.79897959183674,0.43983374466853553,0.21188630490956073,0.04329461457233368,0.07189829022358614,305,82
OC-SVM,models/baseline_runs/oc_svm/20260430_063918,99.9,0.4519695430994039,0.25886524822695034,0.038542766631467794,0.06709558823529413,209,73
LOF,models/baseline_runs/lof/20260430_063943,90.0,1.434329330921173,0.08838441165342414,0.6166842661034847,0.15460983519756438,12047,1168
LOF,models/baseline_runs/lof/20260430_063943,90.10102040816327,1.4373818770051003,0.08830275229357798,0.6098204857444561,0.15426739682115667,11925,1155
LOF,models/baseline_runs/lof/20260430_063943,90.20204081632653,1.4409573895590646,0.08780751972768064,0.5992608236536431,0.15317139001349528,11791,1135
LOF,models/baseline_runs/lof/20260430_063943,90.3030612244898,1.4447082843099321,0.08730407523510972,0.5881731784582893,0.15204039852599974,11646,1114
LOF,models/baseline_runs/lof/20260430_063943,90.40408163265306,1.447820677927562,0.08693929307338723,0.5791974656810982,0.15118522601984566,11521,1097
LOF,models/baseline_runs/lof/20260430_063943,90.50510204081633,1.4522710070013989,0.08659577895923957,0.5675818373812038,0.15026558568632936,11339,1075
LOF,models/baseline_runs/lof/20260430_063943,90.60612244897959,1.456139519384929,0.08637142158062149,0.5591341077085533,0.14962910632285412,11202,1059
LOF,models/baseline_runs/lof/20260430_063943,90.70714285714286,1.4600225716829294,0.08615283050008252,0.5512143611404435,0.14901512988866686,11074,1044
LOF,models/baseline_runs/lof/20260430_063943,90.80816326530612,1.4636121647698537,0.08564042695130086,0.5422386483632524,0.14791876710355753,10965,1027
LOF,models/baseline_runs/lof/20260430_063943,90.90918367346939,1.4670133120247295,0.08506871258747155,0.5327349524815206,0.14671028716830245,10852,1009
LOF,models/baseline_runs/lof/20260430_063943,91.01020408163265,1.4704982893807552,0.08418891170431211,0.5195353748680043,0.1448976586658813,10704,984
LOF,models/baseline_runs/lof/20260430_063943,91.11122448979592,1.4744045244795936,0.08332610016491623,0.5068637803590285,0.1431233693626537,10561,960
LOF,models/baseline_runs/lof/20260430_063943,91.21224489795918,1.4784567858491626,0.08213751210493882,0.4926082365364308,0.1407983098166453,10426,933
LOF,models/baseline_runs/lof/20260430_063943,91.31326530612245,1.48268796397107,0.08108831400535237,0.4799366420274551,0.13873626373626377,10301,909
LOF,models/baseline_runs/lof/20260430_063943,91.41428571428571,1.4864282131195068,0.0799097065462754,0.4672650475184794,0.1364792967846403,10190,885
LOF,models/baseline_runs/lof/20260430_063943,91.51530612244898,1.4909561978919168,0.0785537303845095,0.45195353748680045,0.1338441091392385,10041,856
LOF,models/baseline_runs/lof/20260430_063943,91.61632653061224,1.4949747000421802,0.07727314943809789,0.4392819429778247,0.13142721743938077,9935,832
LOF,models/baseline_runs/lof/20260430_063943,91.7173469387755,1.5005428094949038,0.07607048124289503,0.4239704329461457,0.12899598393574296,9753,803
LOF,models/baseline_runs/lof/20260430_063943,91.81836734693877,1.50468373298645,0.07477174435367612,0.41077085533262936,0.1265143507602244,9627,778
LOF,models/baseline_runs/lof/20260430_063943,91.91938775510204,1.5082209452986715,0.07233255451713395,0.39229144667370647,0.12214367910570442,9529,743
LOF,models/baseline_runs/lof/20260430_063943,92.0204081632653,1.5118182812418257,0.07161150512214343,0.38384371700105596,0.12070396812219825,9425,727
LOF,models/baseline_runs/lof/20260430_063943,92.12142857142857,1.5156483694911003,0.0701280512204882,0.37011615628299893,0.11791421362489486,9295,701
LOF,models/baseline_runs/lof/20260430_063943,92.22244897959183,1.5204617751496177,0.06901107836162211,0.35850052798310456,0.11574192448649108,9160,679
LOF,models/baseline_runs/lof/20260430_063943,92.3234693877551,1.5242497471826413,0.06808116180863116,0.3489968321013728,0.1139360510212876,9048,661
LOF,models/baseline_runs/lof/20260430_063943,92.42448979591836,1.5284256628581454,0.06702160977137488,0.33896515311510034,0.11191493070687701,8937,642
LOF,models/baseline_runs/lof/20260430_063943,92.52551020408163,1.5347083125795635,0.06553010122535961,0.32470960929250264,0.10905222094157282,8770,615
LOF,models/baseline_runs/lof/20260430_063943,92.6265306122449,1.5398332983255403,0.06406233091656748,0.3125659978880676,0.10633138751683881,8649,592
LOF,models/baseline_runs/lof/20260430_063943,92.72755102040817,1.5442122963922364,0.06275414880756126,0.30147835269271384,0.103884290002729,8528,571
LOF,models/baseline_runs/lof/20260430_063943,92.82857142857144,1.5485236525535588,0.06136540817462969,0.29091869060190073,0.10135197277660259,8428,551
LOF,models/baseline_runs/lof/20260430_063943,92.9295918367347,1.5530289051788195,0.06025727826675694,0.2819429778247096,0.09929341762737078,8328,534
LOF,models/baseline_runs/lof/20260430_063943,93.03061224489797,1.5584280171564653,0.05895196506550218,0.27085533262935585,0.09682899207248016,8189,513
LOF,models/baseline_runs/lof/20260430_063943,93.13163265306123,1.5631404223186638,0.057898415657036344,0.2624076029567054,0.09486543233441495,8087,497
LOF,models/baseline_runs/lof/20260430_063943,93.2326530612245,1.568846837111882,0.05675355450236967,0.2529039070749736,0.09270369653570738,7961,479
LOF,models/baseline_runs/lof/20260430_063943,93.33367346938776,1.5749214012707984,0.05408668356875528,0.2365364308342133,0.08804166257246733,7835,448
LOF,models/baseline_runs/lof/20260430_063943,93.43469387755103,1.580809423327446,0.05275426328057907,0.22703273495248152,0.0856147336983574,7721,430
LOF,models/baseline_runs/lof/20260430_063943,93.53571428571429,1.5861854255199432,0.05084745762711865,0.21541710665258712,0.0822746521476104,7616,408
LOF,models/baseline_runs/lof/20260430_063943,93.63673469387756,1.5918910043580192,0.04792089249492901,0.19957761351636746,0.07728480883254958,7510,378
LOF,models/baseline_runs/lof/20260430_063943,93.73775510204082,1.5980700028794153,0.047576070139247036,0.19482576557550157,0.07647668393782384,7387,369
LOF,models/baseline_runs/lof/20260430_063943,93.83877551020409,1.6044858055455344,0.04656348373557188,0.18743400211193242,0.07459550325698676,7269,355
LOF,models/baseline_runs/lof/20260430_063943,93.93979591836735,1.610327133536339,0.04535752401280683,0.1795142555438226,0.0724174653887114,7156,340
LOF,models/baseline_runs/lof/20260430_063943,94.04081632653062,1.6165889671870641,0.043914339929520194,0.17106652587117213,0.06988783433994823,7054,324
LOF,models/baseline_runs/lof/20260430_063943,94.14183673469388,1.6227323855672564,0.04338842975206612,0.16631467793030624,0.06882237273323137,6945,315
LOF,models/baseline_runs/lof/20260430_063943,94.24285714285715,1.628165039420128,0.04260058471390784,0.16156282998944033,0.06742315743086923,6877,306
LOF,models/baseline_runs/lof/20260430_063943,94.34387755102041,1.6340177393385344,0.041213832039520115,0.15417106652587118,0.06504065040650407,6793,292
LOF,models/baseline_runs/lof/20260430_063943,94.44489795918368,1.6398794642516559,0.04054825813820674,0.14994720168954592,0.06383456956619465,6720,284
LOF,models/baseline_runs/lof/20260430_063943,94.54591836734694,1.647177435457707,0.038953488372093024,0.14149947201689547,0.06108958285844541,6612,268
LOF,models/baseline_runs/lof/20260430_063943,94.64693877551021,1.6572183004447396,0.038392857142857145,0.13621964097148892,0.0599024843278384,6462,258
LOF,models/baseline_runs/lof/20260430_063943,94.74795918367347,1.6654930038111557,0.03755868544600939,0.13093980992608237,0.0583735436036248,6355,248
LOF,models/baseline_runs/lof/20260430_063943,94.84897959183674,1.6722436155591696,0.036855036855036855,0.12671594508975711,0.05710206995003568,6272,240
LOF,models/baseline_runs/lof/20260430_063943,94.95,1.6807310715317727,0.0341425215348473,0.11510031678986272,0.05266336514071748,6167,218
LOF,models/baseline_runs/lof/20260430_063943,95.05102040816327,1.6903626556907385,0.033413269384492406,0.11034846884899684,0.05129463737881948,6046,209
LOF,models/baseline_runs/lof/20260430_063943,95.15204081632653,1.6995931122984205,0.032131789267656176,0.10401267159450897,0.049096573208722745,5934,197
LOF,models/baseline_runs/lof/20260430_063943,95.2530612244898,1.7096004554203579,0.030989670109963344,0.09820485744456177,0.04711246200607902,5816,186
LOF,models/baseline_runs/lof/20260430_063943,95.35408163265306,1.7194909998348782,0.029206996094413313,0.0908130939809926,0.04419889502762431,5717,172
LOF,models/baseline_runs/lof/20260430_063943,95.45510204081633,1.7285620625529972,0.028960524047578005,0.08870116156282999,0.043664717348927885,5633,168
LOF,models/baseline_runs/lof/20260430_063943,95.5561224489796,1.738714235169547,0.028431028431028432,0.08553326293558607,0.042676501580611176,5536,162
LOF,models/baseline_runs/lof/20260430_063943,95.65714285714286,1.747738361358643,0.027287319422150885,0.08078141499472016,0.040794560725236635,5454,153
LOF,models/baseline_runs/lof/20260430_063943,95.75816326530612,1.7583599175725677,0.026177058716596983,0.07602956705385427,0.03894523326572009,5357,144
LOF,models/baseline_runs/lof/20260430_063943,95.85918367346939,1.7709731898137488,0.025236593059936908,0.07180570221752904,0.0373472470135933,5253,136
LOF,models/baseline_runs/lof/20260430_063943,95.96020408163265,1.780873395289693,0.02416918429003021,0.0675818373812038,0.03560500695410292,5168,128
LOF,models/baseline_runs/lof/20260430_063943,96.06122448979592,1.7929823909487042,0.023309574263147757,0.06388595564941922,0.03415666901905434,5070,121
LOF,models/baseline_runs/lof/20260430_063943,96.16224489795918,1.805694525369576,0.022642252411892105,0.06071805702217529,0.03298436827764234,4964,115
LOF,models/baseline_runs/lof/20260430_063943,96.26326530612245,1.8186370990106038,0.022275737507525588,0.05860612460401267,0.03228151810382435,4872,111
LOF,models/baseline_runs/lof/20260430_063943,96.36428571428571,1.832841420173645,0.022058823529411766,0.057022175290390706,0.03181148748159058,4788,108
LOF,models/baseline_runs/lof/20260430_063943,96.46530612244898,1.8476943203381129,0.021298809772395073,0.05385427666314678,0.0305252132275924,4687,102
LOF,models/baseline_runs/lof/20260430_063943,96.56632653061224,1.8632370712501662,0.021326508850501174,0.05279831045406547,0.03038128512836093,4589,100
LOF,models/baseline_runs/lof/20260430_063943,96.66734693877551,1.8768973069531576,0.020230585164237546,0.049102428722280884,0.02865506085348945,4504,93
LOF,models/baseline_runs/lof/20260430_063943,96.76836734693877,1.8932224277939111,0.019307589880159785,0.04593453009503696,0.027187499999999996,4419,87
LOF,models/baseline_runs/lof/20260430_063943,96.86938775510204,1.9084692333425795,0.018568840579710144,0.04329461457233368,0.025990491283676705,4334,82
LOF,models/baseline_runs/lof/20260430_063943,96.9704081632653,1.928341109412057,0.01767852989067225,0.04012671594508976,0.024543839819150655,4223,76
LOF,models/baseline_runs/lof/20260430_063943,97.07142857142857,1.948431447148321,0.016646848989298454,0.03695881731784583,0.02295458271847844,4135,70
LOF,models/baseline_runs/lof/20260430_063943,97.17244897959183,1.9688808832849776,0.014594989053758209,0.03167898627243928,0.019983347210657785,4051,60
LOF,models/baseline_runs/lof/20260430_063943,97.27346938775511,1.995327598708021,0.012478163214374845,0.026399155227032733,0.01694628029147602,3957,50
LOF,models/baseline_runs/lof/20260430_063943,97.37448979591838,2.0151506445237577,0.011719745222929937,0.024287222808870117,0.0158102766798419,3879,46
LOF,models/baseline_runs/lof/20260430_063943,97.47551020408164,2.041009821210589,0.01069379238393323,0.02164730728616684,0.01431564245810056,3793,41
LOF,models/baseline_runs/lof/20260430_063943,97.57653061224491,2.069628715515137,0.009625668449197862,0.01900739176346357,0.012779552715654952,3704,36
LOF,models/baseline_runs/lof/20260430_063943,97.67755102040817,2.1073043363434927,0.009116022099447514,0.017423442449841606,0.011969532100108815,3587,33
LOF,models/baseline_runs/lof/20260430_063943,97.77857142857144,2.14474289715292,0.007959067652075043,0.014783526927138331,0.010347376201034738,3490,28
LOF,models/baseline_runs/lof/20260430_063943,97.8795918367347,2.187197290148066,0.007011393514460999,0.012671594508975714,0.00902764716945646,3399,24
LOF,models/baseline_runs/lof/20260430_063943,97.98061224489797,2.2405008311782577,0.006313890559230307,0.011087645195353749,0.008045977011494253,3305,21
LOF,models/baseline_runs/lof/20260430_063943,98.08163265306123,2.288813488824043,0.0061330880098129405,0.010559662090813094,0.007759456838021338,3241,20
LOF,models/baseline_runs/lof/20260430_063943,98.1826530612245,2.361559062770471,0.005676442762535478,0.009503695881731784,0.007107601184600198,3153,18
LOF,models/baseline_runs/lof/20260430_063943,98.28367346938776,2.454788954768872,0.005815831987075929,0.009503695881731784,0.0072158749248346366,3077,18
LOF,models/baseline_runs/lof/20260430_063943,98.38469387755103,2.577116418310585,0.0056161215725140405,0.00897571277719113,0.006909164803901646,3010,17
LOF,models/baseline_runs/lof/20260430_063943,98.4857142857143,2.750008618831643,0.005398110661268556,0.008447729672650475,0.006587072869493619,2948,16
LOF,models/baseline_runs/lof/20260430_063943,98.58673469387756,2.980018496513411,0.005195704883962591,0.00791974656810982,0.006274837900020916,2872,15
LOF,models/baseline_runs/lof/20260430_063943,98.68775510204082,3.284490570851737,0.004975124378109453,0.007391763463569166,0.00594732370433305,2800,14
LOF,models/baseline_runs/lof/20260430_063943,98.78877551020409,3.5803408209766747,0.004358881220486742,0.006335797254487857,0.005164622336991608,2741,12
LOF,models/baseline_runs/lof/20260430_063943,98.88979591836735,3.912038087844911,0.0029850746268656717,0.004223864836325237,0.0034980323567993005,2672,8
LOF,models/baseline_runs/lof/20260430_063943,98.99081632653062,4.402468344994957,0.0031289111389236545,0.0026399155227032735,0.00286368843069874,1593,5
LOF,models/baseline_runs/lof/20260430_063943,99.09183673469389,5.21491478170677,0.0013192612137203166,0.0005279831045406547,0.0007541478129713424,757,1
LOF,models/baseline_runs/lof/20260430_063943,99.19285714285715,7.229380100965728,0.0,0.0,0.0,714,0
LOF,models/baseline_runs/lof/20260430_063943,99.29387755102042,17.14675885609263,0.0,0.0,0.0,617,0
LOF,models/baseline_runs/lof/20260430_063943,99.39489795918368,25.996411217962173,0.0,0.0,0.0,434,0
LOF,models/baseline_runs/lof/20260430_063943,99.49591836734695,29.391679559435232,0.0,0.0,0.0,432,0
LOF,models/baseline_runs/lof/20260430_063943,99.59693877551021,31.439530696187788,0.0,0.0,0.0,429,0
LOF,models/baseline_runs/lof/20260430_063943,99.69795918367348,32.87697503226154,0.0,0.0,0.0,425,0
LOF,models/baseline_runs/lof/20260430_063943,99.79897959183674,34.21299646241332,0.0,0.0,0.0,416,0
LOF,models/baseline_runs/lof/20260430_063943,99.9,35.69076766967791,0.0,0.0,0.0,403,0
